Top pages,Clicks,Impressions,CTR,Position
https://spiritnumeral.com/why-am-i-seeing/579,1,110,0.91%,6.45
https://spiritnumeral.com/is-527-a-warning/527,1,33,3.03%,10.42
https://spiritnumeral.com/why-am-i-seeing/371,1,24,4.17%,7.5
https://spiritnumeral.com/is-376-a-warning/376,1,22,4.55%,7.23
https://spiritnumeral.com/why-am-i-seeing/360,1,15,6.67%,7.47
https://spiritnumeral.com/why-am-i-seeing/320,1,13,7.69%,6.23
https://spiritnumeral.com/why-am-i-seeing/436,1,10,10%,7.8
https://spiritnumeral.com/is-899-a-warning/899,1,10,10%,9.1
https://spiritnumeral.com/is-450-a-warning/450,1,9,11.11%,8.11
https://spiritnumeral.com/is-347-a-warning/347,1,9,11.11%,15
https://spiritnumeral.com/is-190-a-warning/190,1,7,14.29%,5.86
https://spiritnumeral.com/is-240-a-warning/240,1,5,20%,9.6
https://spiritnumeral.com/is-225-a-warning/225,1,4,25%,3.75
https://spiritnumeral.com/meaning/angel-number/981,1,3,33.33%,6
https://spiritnumeral.com/why-am-i-seeing/323,1,3,33.33%,11.67
https://spiritnumeral.com/why-am-i-seeing/546,1,2,50%,9.5
https://spiritnumeral.com/is-472-a-warning/472,1,2,50%,15
https://spiritnumeral.com/is-179-a-warning/179,1,1,100%,12
https://spiritnumeral.com/why-am-i-seeing/183,0,111,0%,9.65
https://spiritnumeral.com/is-532-a-warning/532,0,109,0%,9.25
https://spiritnumeral.com/why-am-i-seeing/665,0,79,0%,8.44
https://spiritnumeral.com/is-480-a-warning/480,0,71,0%,8.69
https://spiritnumeral.com/why-am-i-seeing/774,0,61,0%,10.18
https://spiritnumeral.com/why-am-i-seeing/480,0,57,0%,7.37
https://spiritnumeral.com/is-701-a-warning/701,0,49,0%,10.24
https://spiritnumeral.com/why-am-i-seeing/189,0,43,0%,9.23
https://spiritnumeral.com/is-928-a-warning/928,0,42,0%,8.6
https://spiritnumeral.com/is-992-a-warning/992,0,40,0%,6.58
https://spiritnumeral.com/is-513-a-warning/513,0,40,0%,7.97
https://spiritnumeral.com/why-am-i-seeing/134,0,38,0%,9.24
https://spiritnumeral.com/is-620-a-warning/620,0,38,0%,11.34
https://spiritnumeral.com/why-am-i-seeing/768,0,37,0%,8.57
https://spiritnumeral.com/is-510-a-warning/510,0,37,0%,11.43
https://spiritnumeral.com/is-514-a-warning/514,0,36,0%,8.08
https://spiritnumeral.com/why-am-i-seeing/147,0,34,0%,7.35
https://spiritnumeral.com/is-342-a-warning/342,0,33,0%,10.79
https://spiritnumeral.com/why-am-i-seeing/610,0,31,0%,9.13
https://spiritnumeral.com/is-995-a-warning/995,0,30,0%,8.43
https://spiritnumeral.com/is-628-a-warning/628,0,30,0%,9.53
https://spiritnumeral.com/is-173-a-warning/173,0,29,0%,8.69
https://spiritnumeral.com/is-905-a-warning/905,0,27,0%,10.59
https://spiritnumeral.com/why-am-i-seeing/652,0,26,0%,9.19
https://spiritnumeral.com/is-307-a-warning/307,0,26,0%,14.69
https://spiritnumeral.com/why-am-i-seeing/518,0,24,0%,8.67
https://spiritnumeral.com/why-am-i-seeing/376,0,22,0%,7.77
https://spiritnumeral.com/is-523-a-warning/523,0,22,0%,8.27
https://spiritnumeral.com/why-am-i-seeing/620,0,22,0%,10
https://spiritnumeral.com/is-607-a-warning/607,0,21,0%,6
https://spiritnumeral.com/is-478-a-warning/478,0,21,0%,8.71
https://spiritnumeral.com/is-579-a-warning/579,0,21,0%,9.38
https://spiritnumeral.com/is-571-a-warning/571,0,21,0%,9.48
https://spiritnumeral.com/why-am-i-seeing/302,0,21,0%,10.19
https://spiritnumeral.com/why-am-i-seeing/903,0,20,0%,9.05
https://spiritnumeral.com/is-415-a-warning/415,0,19,0%,8.63
https://spiritnumeral.com/is-685-a-warning/685,0,18,0%,7.28
https://spiritnumeral.com/is-930-a-warning/930,0,18,0%,8.28
https://spiritnumeral.com/is-349-a-warning/349,0,18,0%,8.78
https://spiritnumeral.com/is-713-a-warning/713,0,18,0%,10.22
https://spiritnumeral.com/is-945-a-warning/945,0,18,0%,13.22
https://spiritnumeral.com/why-am-i-seeing/880,0,17,0%,7.29
https://spiritnumeral.com/why-am-i-seeing/687,0,17,0%,7.94
https://spiritnumeral.com/is-185-a-warning/185,0,17,0%,8.53
https://spiritnumeral.com/is-849-a-warning/849,0,17,0%,10
https://spiritnumeral.com/why-am-i-seeing/510,0,17,0%,10
https://spiritnumeral.com/is-402-a-warning/402,0,17,0%,10.12
https://spiritnumeral.com/is-841-a-warning/841,0,17,0%,11.18
https://spiritnumeral.com/is-952-a-warning/952,0,17,0%,11.71
https://spiritnumeral.com/is-226-a-warning/226,0,16,0%,6.06
https://spiritnumeral.com/is-271-a-warning/271,0,16,0%,6.25
https://spiritnumeral.com/is-332-a-warning/332,0,16,0%,6.75
https://spiritnumeral.com/is-547-a-warning/547,0,16,0%,8.5
https://spiritnumeral.com/is-605-a-warning/605,0,16,0%,9.5
https://spiritnumeral.com/why-am-i-seeing/503,0,16,0%,10.06
https://spiritnumeral.com/is-720-a-warning/720,0,16,0%,10.5
https://spiritnumeral.com/why-am-i-seeing/767,0,15,0%,7.67
https://spiritnumeral.com/why-am-i-seeing/498,0,15,0%,9
https://spiritnumeral.com/is-508-a-warning/508,0,15,0%,9.13
https://spiritnumeral.com/is-876-a-warning/876,0,15,0%,9.33
https://spiritnumeral.com/is-245-a-warning/245,0,15,0%,11.33
https://spiritnumeral.com/is-325-a-warning/325,0,15,0%,11.6
https://spiritnumeral.com/why-am-i-seeing/438,0,14,0%,7.29
https://spiritnumeral.com/is-915-a-warning/915,0,14,0%,8.14
https://spiritnumeral.com/is-418-a-warning/418,0,14,0%,8.36
https://spiritnumeral.com/is-152-a-warning/152,0,14,0%,10
https://spiritnumeral.com/is-453-a-warning/453,0,14,0%,11.29
https://spiritnumeral.com/is-413-a-warning/413,0,14,0%,11.57
https://spiritnumeral.com/is-842-a-warning/842,0,14,0%,14.93
https://spiritnumeral.com/is-243-a-warning/243,0,14,0%,17.14
https://spiritnumeral.com/why-am-i-seeing/680,0,13,0%,7.23
https://spiritnumeral.com/why-am-i-seeing/798,0,13,0%,7.69
https://spiritnumeral.com/is-675-a-warning/675,0,13,0%,8.31
https://spiritnumeral.com/is-542-a-warning/542,0,13,0%,8.54
https://spiritnumeral.com/is-165-a-warning/165,0,13,0%,8.62
https://spiritnumeral.com/why-am-i-seeing/174,0,13,0%,8.77
https://spiritnumeral.com/why-am-i-seeing/516,0,13,0%,8.77
https://spiritnumeral.com/is-288-a-warning/288,0,13,0%,8.85
https://spiritnumeral.com/is-296-a-warning/296,0,13,0%,8.92
https://spiritnumeral.com/why-am-i-seeing/501,0,13,0%,8.92
https://spiritnumeral.com/is-725-a-warning/725,0,13,0%,9.31
https://spiritnumeral.com/is-740-a-warning/740,0,13,0%,9.54
https://spiritnumeral.com/is-667-a-warning/667,0,13,0%,9.62
https://spiritnumeral.com/why-am-i-seeing/699,0,13,0%,9.77
https://spiritnumeral.com/is-817-a-warning/817,0,13,0%,15.08
https://spiritnumeral.com/is-167-a-warning/167,0,12,0%,7.75
https://spiritnumeral.com/why-am-i-seeing/987,0,12,0%,8
https://spiritnumeral.com/is-873-a-warning/873,0,12,0%,8.17
https://spiritnumeral.com/is-193-a-warning/193,0,12,0%,8.33
https://spiritnumeral.com/is-663-a-warning/663,0,12,0%,8.42
https://spiritnumeral.com/why-am-i-seeing/240,0,12,0%,9
https://spiritnumeral.com/is-253-a-warning/253,0,12,0%,9.08
https://spiritnumeral.com/is-289-a-warning/289,0,12,0%,9.67
https://spiritnumeral.com/is-823-a-warning/823,0,12,0%,11
https://spiritnumeral.com/is-647-a-warning/647,0,12,0%,11.5
https://spiritnumeral.com/is-843-a-warning/843,0,12,0%,11.58
https://spiritnumeral.com/is-602-a-warning/602,0,12,0%,17.83
https://spiritnumeral.com/is-589-a-warning/589,0,12,0%,19.5
https://spiritnumeral.com/why-am-i-seeing/681,0,11,0%,6.82
https://spiritnumeral.com/why-am-i-seeing/978,0,11,0%,7.55
https://spiritnumeral.com/why-am-i-seeing/562,0,11,0%,7.82
https://spiritnumeral.com/is-761-a-warning/761,0,11,0%,7.91
https://spiritnumeral.com/is-329-a-warning/329,0,11,0%,8
https://spiritnumeral.com/is-898-a-warning/898,0,11,0%,8
https://spiritnumeral.com/is-810-a-warning/810,0,11,0%,8.09
https://spiritnumeral.com/is-704-a-warning/704,0,11,0%,8.27
https://spiritnumeral.com/is-536-a-warning/536,0,11,0%,9.09
https://spiritnumeral.com/is-154-a-warning/154,0,11,0%,10.55
https://spiritnumeral.com/is-352-a-warning/352,0,11,0%,10.64
https://spiritnumeral.com/is-416-a-warning/416,0,11,0%,10.73
https://spiritnumeral.com/why-am-i-seeing/451,0,11,0%,10.73
https://spiritnumeral.com/why-am-i-seeing/334,0,11,0%,12.27
https://spiritnumeral.com/is-753-a-warning/753,0,11,0%,13.09
https://spiritnumeral.com/is-954-a-warning/954,0,11,0%,13.18
https://spiritnumeral.com/why-am-i-seeing/367,0,11,0%,21.82
https://spiritnumeral.com/why-am-i-seeing/737,0,11,0%,40.55
https://spiritnumeral.com/why-am-i-seeing/423,0,10,0%,6.1
https://spiritnumeral.com/why-am-i-seeing/608,0,10,0%,6.6
https://spiritnumeral.com/is-948-a-warning/948,0,10,0%,6.9
https://spiritnumeral.com/is-592-a-warning/592,0,10,0%,7.3
https://spiritnumeral.com/is-448-a-warning/448,0,10,0%,7.4
https://spiritnumeral.com/why-am-i-seeing/236,0,10,0%,7.4
https://spiritnumeral.com/why-am-i-seeing/297,0,10,0%,7.4
https://spiritnumeral.com/is-696-a-warning/696,0,10,0%,7.8
https://spiritnumeral.com/why-am-i-seeing/431,0,10,0%,8.1
https://spiritnumeral.com/is-263-a-warning/263,0,10,0%,8.3
https://spiritnumeral.com/why-am-i-seeing/560,0,10,0%,8.5
https://spiritnumeral.com/is-506-a-warning/506,0,10,0%,8.7
https://spiritnumeral.com/is-237-a-warning/237,0,10,0%,8.9
https://spiritnumeral.com/is-259-a-warning/259,0,10,0%,9
https://spiritnumeral.com/is-430-a-warning/430,0,10,0%,9.1
https://spiritnumeral.com/is-702-a-warning/702,0,10,0%,9.2
https://spiritnumeral.com/why-am-i-seeing/748,0,10,0%,9.7
https://spiritnumeral.com/is-437-a-warning/437,0,10,0%,10.1
https://spiritnumeral.com/why-am-i-seeing/299,0,10,0%,10.1
https://spiritnumeral.com/why-am-i-seeing/816,0,10,0%,10.4
https://spiritnumeral.com/why-am-i-seeing/278,0,10,0%,10.5
https://spiritnumeral.com/why-am-i-seeing/857,0,10,0%,10.6
https://spiritnumeral.com/is-358-a-warning/358,0,10,0%,11.1
https://spiritnumeral.com/is-474-a-warning/474,0,10,0%,11.4
https://spiritnumeral.com/is-705-a-warning/705,0,10,0%,11.4
https://spiritnumeral.com/is-164-a-warning/164,0,10,0%,11.8
https://spiritnumeral.com/is-943-a-warning/943,0,10,0%,12.3
https://spiritnumeral.com/is-655-a-warning/655,0,10,0%,12.6
https://spiritnumeral.com/why-am-i-seeing/526,0,10,0%,16.5
https://spiritnumeral.com/why-am-i-seeing/885,0,9,0%,6.22
https://spiritnumeral.com/why-am-i-seeing/271,0,9,0%,6.78
https://spiritnumeral.com/why-am-i-seeing/960,0,9,0%,6.78
https://spiritnumeral.com/is-208-a-warning/208,0,9,0%,7.33
https://spiritnumeral.com/why-am-i-seeing/363,0,9,0%,7.44
https://spiritnumeral.com/is-872-a-warning/872,0,9,0%,7.78
https://spiritnumeral.com/why-am-i-seeing/476,0,9,0%,8.11
https://spiritnumeral.com/why-am-i-seeing/638,0,9,0%,8.11
https://spiritnumeral.com/why-am-i-seeing/914,0,9,0%,8.11
https://spiritnumeral.com/is-902-a-warning/902,0,9,0%,8.22
https://spiritnumeral.com/why-am-i-seeing/607,0,9,0%,8.33
https://spiritnumeral.com/why-am-i-seeing/449,0,9,0%,8.67
https://spiritnumeral.com/is-356-a-warning/356,0,9,0%,8.78
https://spiritnumeral.com/is-677-a-warning/677,0,9,0%,8.89
https://spiritnumeral.com/is-874-a-warning/874,0,9,0%,8.89
https://spiritnumeral.com/why-am-i-seeing/847,0,9,0%,9.11
https://spiritnumeral.com/is-137-a-warning/137,0,9,0%,9.22
https://spiritnumeral.com/is-770-a-warning/770,0,9,0%,9.22
https://spiritnumeral.com/is-320-a-warning/320,0,9,0%,9.44
https://spiritnumeral.com/why-am-i-seeing/443,0,9,0%,10.78
https://spiritnumeral.com/is-528-a-warning/528,0,9,0%,12.67
https://spiritnumeral.com/why-am-i-seeing/863,0,9,0%,13.89
https://spiritnumeral.com/why-am-i-seeing/114,0,9,0%,14.33
https://spiritnumeral.com/why-am-i-seeing/669,0,9,0%,15.78
https://spiritnumeral.com/is-526-a-warning/526,0,9,0%,17.44
https://spiritnumeral.com/meaning/angel-number/343,0,8,0%,5.62
https://spiritnumeral.com/is-983-a-warning/983,0,8,0%,6.5
https://spiritnumeral.com/why-am-i-seeing/673,0,8,0%,6.5
https://spiritnumeral.com/why-am-i-seeing/201,0,8,0%,6.75
https://spiritnumeral.com/why-am-i-seeing/902,0,8,0%,6.75
https://spiritnumeral.com/is-550-a-warning/550,0,8,0%,7.5
https://spiritnumeral.com/why-am-i-seeing/928,0,8,0%,7.62
https://spiritnumeral.com/why-am-i-seeing/258,0,8,0%,7.75
https://spiritnumeral.com/why-am-i-seeing/745,0,8,0%,7.88
https://spiritnumeral.com/is-583-a-warning/583,0,8,0%,8
https://spiritnumeral.com/why-am-i-seeing/764,0,8,0%,8
https://spiritnumeral.com/is-908-a-warning/908,0,8,0%,8.38
https://spiritnumeral.com/is-695-a-warning/695,0,8,0%,8.5
https://spiritnumeral.com/why-am-i-seeing/624,0,8,0%,8.5
https://spiritnumeral.com/why-am-i-seeing/614,0,8,0%,8.88
https://spiritnumeral.com/why-am-i-seeing/150,0,8,0%,9
https://spiritnumeral.com/why-am-i-seeing/693,0,8,0%,9
https://spiritnumeral.com/why-am-i-seeing/901,0,8,0%,9
https://spiritnumeral.com/is-601-a-warning/601,0,8,0%,9.38
https://spiritnumeral.com/is-436-a-warning/436,0,8,0%,9.5
https://spiritnumeral.com/is-836-a-warning/836,0,8,0%,9.75
https://spiritnumeral.com/is-586-a-warning/586,0,8,0%,9.88
https://spiritnumeral.com/why-am-i-seeing/741,0,8,0%,11.25
https://spiritnumeral.com/is-466-a-warning/466,0,8,0%,11.5
https://spiritnumeral.com/why-am-i-seeing/540,0,8,0%,11.75
https://spiritnumeral.com/is-432-a-warning/432,0,8,0%,13.25
https://spiritnumeral.com/why-am-i-seeing/670,0,8,0%,13.25
https://spiritnumeral.com/why-am-i-seeing/916,0,8,0%,13.62
https://spiritnumeral.com/272-twin-flame/272,0,8,0%,14.88
https://spiritnumeral.com/is-531-a-warning/531,0,8,0%,15.25
https://spiritnumeral.com/is-446-a-warning/446,0,8,0%,18.5
https://spiritnumeral.com/is-776-a-warning/776,0,8,0%,19.12
https://spiritnumeral.com/is-388-a-warning/388,0,8,0%,20.75
https://spiritnumeral.com/is-775-a-warning/775,0,7,0%,5.43
https://spiritnumeral.com/is-267-a-warning/267,0,7,0%,6
https://spiritnumeral.com/is-365-a-warning/365,0,7,0%,6.43
https://spiritnumeral.com/is-370-a-warning/370,0,7,0%,6.57
https://spiritnumeral.com/is-487-a-warning/487,0,7,0%,7.14
https://spiritnumeral.com/why-am-i-seeing/257,0,7,0%,7.14
https://spiritnumeral.com/is-603-a-warning/603,0,7,0%,7.86
https://spiritnumeral.com/is-270-a-warning/270,0,7,0%,8
https://spiritnumeral.com/is-239-a-warning/239,0,7,0%,8.14
https://spiritnumeral.com/is-715-a-warning/715,0,7,0%,8.29
https://spiritnumeral.com/meaning/angel-number/788,0,7,0%,8.29
https://spiritnumeral.com/is-965-a-warning/965,0,7,0%,8.43
https://spiritnumeral.com/is-390-a-warning/390,0,7,0%,8.57
https://spiritnumeral.com/why-am-i-seeing/305,0,7,0%,8.57
https://spiritnumeral.com/is-469-a-warning/469,0,7,0%,8.71
https://spiritnumeral.com/why-am-i-seeing/192,0,7,0%,8.71
https://spiritnumeral.com/is-317-a-warning/317,0,7,0%,8.86
https://spiritnumeral.com/is-493-a-warning/493,0,7,0%,8.86
https://spiritnumeral.com/is-809-a-warning/809,0,7,0%,8.86
https://spiritnumeral.com/why-am-i-seeing/407,0,7,0%,9
https://spiritnumeral.com/why-am-i-seeing/148,0,7,0%,9.14
https://spiritnumeral.com/why-am-i-seeing/375,0,7,0%,9.43
https://spiritnumeral.com/is-198-a-warning/198,0,7,0%,10
https://spiritnumeral.com/is-927-a-warning/927,0,7,0%,10
https://spiritnumeral.com/is-476-a-warning/476,0,7,0%,10.14
https://spiritnumeral.com/is-161-a-warning/161,0,7,0%,10.29
https://spiritnumeral.com/is-591-a-warning/591,0,7,0%,11
https://spiritnumeral.com/is-854-a-warning/854,0,7,0%,11.43
https://spiritnumeral.com/why-am-i-seeing/924,0,7,0%,11.43
https://spiritnumeral.com/why-am-i-seeing/284,0,7,0%,11.86
https://spiritnumeral.com/why-am-i-seeing/194,0,7,0%,14.14
https://spiritnumeral.com/why-am-i-seeing/410,0,7,0%,16.86
https://spiritnumeral.com/why-am-i-seeing/934,0,7,0%,16.86
https://spiritnumeral.com/why-am-i-seeing/732,0,7,0%,18.29
https://spiritnumeral.com/is-659-a-warning/659,0,7,0%,18.43
https://spiritnumeral.com/why-am-i-seeing/552,0,7,0%,19.29
https://spiritnumeral.com/is-385-a-warning/385,0,7,0%,19.86
https://spiritnumeral.com/why-am-i-seeing/758,0,7,0%,25.57
https://spiritnumeral.com/why-am-i-seeing/729,0,6,0%,5.17
https://spiritnumeral.com/why-am-i-seeing/972,0,6,0%,6.67
https://spiritnumeral.com/why-am-i-seeing/495,0,6,0%,7
https://spiritnumeral.com/why-am-i-seeing/991,0,6,0%,7
https://spiritnumeral.com/why-am-i-seeing/254,0,6,0%,7.33
https://spiritnumeral.com/why-am-i-seeing/892,0,6,0%,7.5
https://spiritnumeral.com/why-am-i-seeing/656,0,6,0%,7.67
https://spiritnumeral.com/is-681-a-warning/681,0,6,0%,7.83
https://spiritnumeral.com/why-am-i-seeing/289,0,6,0%,7.83
https://spiritnumeral.com/is-310-a-warning/310,0,6,0%,8.17
https://spiritnumeral.com/why-am-i-seeing/374,0,6,0%,8.17
https://spiritnumeral.com/is-293-a-warning/293,0,6,0%,8.5
https://spiritnumeral.com/why-am-i-seeing/457,0,6,0%,8.5
https://spiritnumeral.com/is-163-a-warning/163,0,6,0%,8.67
https://spiritnumeral.com/is-496-a-warning/496,0,6,0%,8.67
https://spiritnumeral.com/meaning/angel-number/774,0,6,0%,8.67
https://spiritnumeral.com/why-am-i-seeing/628,0,6,0%,8.67
https://spiritnumeral.com/why-am-i-seeing/439,0,6,0%,8.83
https://spiritnumeral.com/is-249-a-warning/249,0,6,0%,9
https://spiritnumeral.com/is-982-a-warning/982,0,6,0%,9.17
https://spiritnumeral.com/why-am-i-seeing/853,0,6,0%,9.17
https://spiritnumeral.com/is-617-a-warning/617,0,6,0%,9.33
https://spiritnumeral.com/why-am-i-seeing/249,0,6,0%,9.33
https://spiritnumeral.com/is-746-a-warning/746,0,6,0%,9.67
https://spiritnumeral.com/why-am-i-seeing/152,0,6,0%,9.67
https://spiritnumeral.com/is-361-a-warning/361,0,6,0%,9.83
https://spiritnumeral.com/why-am-i-seeing/402,0,6,0%,9.83
https://spiritnumeral.com/is-486-a-warning/486,0,6,0%,10
https://spiritnumeral.com/is-662-a-warning/662,0,6,0%,10.17
https://spiritnumeral.com/why-am-i-seeing/437,0,6,0%,10.17
https://spiritnumeral.com/is-220-a-warning/220,0,6,0%,10.33
https://spiritnumeral.com/is-374-a-warning/374,0,6,0%,10.33
https://spiritnumeral.com/is-351-a-warning/351,0,6,0%,10.83
https://spiritnumeral.com/why-am-i-seeing/399,0,6,0%,10.83
https://spiritnumeral.com/is-278-a-warning/278,0,6,0%,11
https://spiritnumeral.com/why-am-i-seeing/314,0,6,0%,11.17
https://spiritnumeral.com/why-am-i-seeing/139,0,6,0%,12.17
https://spiritnumeral.com/why-am-i-seeing/205,0,6,0%,14
https://spiritnumeral.com/why-am-i-seeing/231,0,6,0%,14.5
https://spiritnumeral.com/why-am-i-seeing/428,0,6,0%,15.17
https://spiritnumeral.com/why-am-i-seeing/455,0,6,0%,16
https://spiritnumeral.com/why-am-i-seeing/787,0,6,0%,16.5
https://spiritnumeral.com/is-812-a-warning/812,0,6,0%,19
https://spiritnumeral.com/is-507-a-warning/507,0,6,0%,20.17
https://spiritnumeral.com/why-am-i-seeing/534,0,6,0%,22.17
https://spiritnumeral.com/is-410-a-warning/410,0,6,0%,22.67
https://spiritnumeral.com/why-am-i-seeing/730,0,6,0%,23
https://spiritnumeral.com/is-878-a-warning/878,0,6,0%,23.33
https://spiritnumeral.com/is-837-a-warning/837,0,6,0%,28.83
https://spiritnumeral.com/is-758-a-warning/758,0,6,0%,35.67
https://spiritnumeral.com/is-534-a-warning/534,0,6,0%,39.33
https://spiritnumeral.com/meaning/angel-number/376,0,5,0%,3.8
https://spiritnumeral.com/why-am-i-seeing/330,0,5,0%,6
https://spiritnumeral.com/why-am-i-seeing/394,0,5,0%,6.2
https://spiritnumeral.com/why-am-i-seeing/207,0,5,0%,6.4
https://spiritnumeral.com/why-am-i-seeing/966,0,5,0%,6.8
https://spiritnumeral.com/is-764-a-warning/764,0,5,0%,7
https://spiritnumeral.com/why-am-i-seeing/160,0,5,0%,7
https://spiritnumeral.com/why-am-i-seeing/279,0,5,0%,7
https://spiritnumeral.com/is-350-a-warning/350,0,5,0%,7.2
https://spiritnumeral.com/why-am-i-seeing/893,0,5,0%,7.2
https://spiritnumeral.com/why-am-i-seeing/421,0,5,0%,7.4
https://spiritnumeral.com/why-am-i-seeing/883,0,5,0%,7.4
https://spiritnumeral.com/is-195-a-warning/195,0,5,0%,7.6
https://spiritnumeral.com/why-am-i-seeing/462,0,5,0%,7.8
https://spiritnumeral.com/is-295-a-warning/295,0,5,0%,8
https://spiritnumeral.com/meaning/angel-number/478,0,5,0%,8
https://spiritnumeral.com/why-am-i-seeing/548,0,5,0%,8
https://spiritnumeral.com/why-am-i-seeing/776,0,5,0%,8.2
https://spiritnumeral.com/why-am-i-seeing/379,0,5,0%,8.4
https://spiritnumeral.com/why-am-i-seeing/782,0,5,0%,8.6
https://spiritnumeral.com/is-197-a-warning/197,0,5,0%,8.8
https://spiritnumeral.com/why-am-i-seeing/179,0,5,0%,8.8
https://spiritnumeral.com/is-564-a-warning/564,0,5,0%,9
https://spiritnumeral.com/is-612-a-warning/612,0,5,0%,9
https://spiritnumeral.com/why-am-i-seeing/340,0,5,0%,9
https://spiritnumeral.com/is-936-a-warning/936,0,5,0%,10
https://spiritnumeral.com/why-am-i-seeing/720,0,5,0%,10.2
https://spiritnumeral.com/is-504-a-warning/504,0,5,0%,10.6
https://spiritnumeral.com/is-574-a-warning/574,0,5,0%,10.8
https://spiritnumeral.com/is-614-a-warning/614,0,5,0%,11.2
https://spiritnumeral.com/is-935-a-warning/935,0,5,0%,11.6
https://spiritnumeral.com/why-am-i-seeing/835,0,5,0%,12
https://spiritnumeral.com/why-am-i-seeing/450,0,5,0%,13.4
https://spiritnumeral.com/is-799-a-warning/799,0,5,0%,14.8
https://spiritnumeral.com/why-am-i-seeing/382,0,5,0%,15
https://spiritnumeral.com/why-am-i-seeing/703,0,5,0%,22
https://spiritnumeral.com/is-246-a-warning/246,0,5,0%,24.2
https://spiritnumeral.com/why-am-i-seeing/507,0,5,0%,26.4
https://spiritnumeral.com/is-315-a-warning/315,0,5,0%,28.2
https://spiritnumeral.com/why-am-i-seeing/840,0,5,0%,30
https://spiritnumeral.com/is-577-a-warning/577,0,5,0%,32.6
https://spiritnumeral.com/is-126-a-warning/126,0,5,0%,35
https://spiritnumeral.com/is-671-a-warning/671,0,4,0%,4.75
https://spiritnumeral.com/why-am-i-seeing/190,0,4,0%,5
https://spiritnumeral.com/why-am-i-seeing/461,0,4,0%,5
https://spiritnumeral.com/why-am-i-seeing/549,0,4,0%,5.25
https://spiritnumeral.com/why-am-i-seeing/368,0,4,0%,5.5
https://spiritnumeral.com/why-am-i-seeing/870,0,4,0%,5.75
https://spiritnumeral.com/why-am-i-seeing/434,0,4,0%,6.25
https://spiritnumeral.com/why-am-i-seeing/661,0,4,0%,6.25
https://spiritnumeral.com/why-am-i-seeing/790,0,4,0%,6.5
https://spiritnumeral.com/is-116-a-warning/116,0,4,0%,6.75
https://spiritnumeral.com/is-232-a-warning/232,0,4,0%,6.75
https://spiritnumeral.com/is-888-a-warning/888,0,4,0%,6.75
https://spiritnumeral.com/why-am-i-seeing/186,0,4,0%,6.75
https://spiritnumeral.com/why-am-i-seeing/588,0,4,0%,6.75
https://spiritnumeral.com/why-am-i-seeing/308,0,4,0%,7
https://spiritnumeral.com/meaning/angel-number/683,0,4,0%,7.25
https://spiritnumeral.com/is-668-a-warning/668,0,4,0%,7.5
https://spiritnumeral.com/why-am-i-seeing/570,0,4,0%,7.5
https://spiritnumeral.com/why-am-i-seeing/602,0,4,0%,7.5
https://spiritnumeral.com/why-am-i-seeing/926,0,4,0%,7.5
https://spiritnumeral.com/why-am-i-seeing/226,0,4,0%,7.75
https://spiritnumeral.com/why-am-i-seeing/932,0,4,0%,7.75
https://spiritnumeral.com/is-684-a-warning/684,0,4,0%,8
https://spiritnumeral.com/why-am-i-seeing/386,0,4,0%,8
https://spiritnumeral.com/is-205-a-warning/205,0,4,0%,8.5
https://spiritnumeral.com/is-771-a-warning/771,0,4,0%,8.5
https://spiritnumeral.com/why-am-i-seeing/120,0,4,0%,8.5
https://spiritnumeral.com/is-470-a-warning/470,0,4,0%,8.75
https://spiritnumeral.com/why-am-i-seeing/151,0,4,0%,8.75
https://spiritnumeral.com/why-am-i-seeing/814,0,4,0%,8.75
https://spiritnumeral.com/why-am-i-seeing/396,0,4,0%,9
https://spiritnumeral.com/is-739-a-warning/739,0,4,0%,9.25
https://spiritnumeral.com/why-am-i-seeing/559,0,4,0%,9.25
https://spiritnumeral.com/why-am-i-seeing/599,0,4,0%,9.25
https://spiritnumeral.com/is-785-a-warning/785,0,4,0%,9.5
https://spiritnumeral.com/is-844-a-warning/844,0,4,0%,9.75
https://spiritnumeral.com/why-am-i-seeing/642,0,4,0%,10
https://spiritnumeral.com/is-856-a-warning/856,0,4,0%,10.25
https://spiritnumeral.com/is-459-a-warning/459,0,4,0%,10.5
https://spiritnumeral.com/why-am-i-seeing/416,0,4,0%,12
https://spiritnumeral.com/is-784-a-warning/784,0,4,0%,12.25
https://spiritnumeral.com/why-am-i-seeing/446,0,4,0%,12.5
https://spiritnumeral.com/why-am-i-seeing/322,0,4,0%,14
https://spiritnumeral.com/why-am-i-seeing/813,0,4,0%,15
https://spiritnumeral.com/why-am-i-seeing/881,0,4,0%,16
https://spiritnumeral.com/why-am-i-seeing/619,0,4,0%,17
https://spiritnumeral.com/why-am-i-seeing/354,0,4,0%,17.75
https://spiritnumeral.com/is-170-a-warning/170,0,4,0%,19.5
https://spiritnumeral.com/why-am-i-seeing/533,0,4,0%,20.75
https://spiritnumeral.com/why-am-i-seeing/112,0,4,0%,32.5
https://spiritnumeral.com/is-424-a-warning/424,0,4,0%,32.75
https://spiritnumeral.com/why-am-i-seeing/644,0,4,0%,36.75
https://spiritnumeral.com/is-362-a-warning/362,0,3,0%,4
https://spiritnumeral.com/why-am-i-seeing/873,0,3,0%,4.67
https://spiritnumeral.com/why-am-i-seeing/387,0,3,0%,5
https://spiritnumeral.com/why-am-i-seeing/970,0,3,0%,5
https://spiritnumeral.com/why-am-i-seeing/692,0,3,0%,5.67
https://spiritnumeral.com/why-am-i-seeing/868,0,3,0%,5.67
https://spiritnumeral.com/is-660-a-warning/660,0,3,0%,6.67
https://spiritnumeral.com/why-am-i-seeing/597,0,3,0%,6.67
https://spiritnumeral.com/is-377-a-warning/377,0,3,0%,7
https://spiritnumeral.com/meaning/angel-number/634,0,3,0%,7
https://spiritnumeral.com/why-am-i-seeing/979,0,3,0%,7
https://spiritnumeral.com/is-590-a-warning/590,0,3,0%,7.33
https://spiritnumeral.com/is-961-a-warning/961,0,3,0%,7.33
https://spiritnumeral.com/why-am-i-seeing/566,0,3,0%,7.33
https://spiritnumeral.com/is-316-a-warning/316,0,3,0%,7.67
https://spiritnumeral.com/is-886-a-warning/886,0,3,0%,7.67
https://spiritnumeral.com/why-am-i-seeing/556,0,3,0%,7.67
https://spiritnumeral.com/is-444-a-warning/444,0,3,0%,8
https://spiritnumeral.com/why-am-i-seeing/287,0,3,0%,8
https://spiritnumeral.com/why-am-i-seeing/943,0,3,0%,8
https://spiritnumeral.com/is-423-a-warning/423,0,3,0%,8.33
https://spiritnumeral.com/is-473-a-warning/473,0,3,0%,8.33
https://spiritnumeral.com/why-am-i-seeing/294,0,3,0%,8.33
https://spiritnumeral.com/why-am-i-seeing/475,0,3,0%,8.33
https://spiritnumeral.com/why-am-i-seeing/617,0,3,0%,8.33
https://spiritnumeral.com/is-227-a-warning/227,0,3,0%,8.67
https://spiritnumeral.com/is-539-a-warning/539,0,3,0%,9
https://spiritnumeral.com/is-984-a-warning/984,0,3,0%,9
https://spiritnumeral.com/why-am-i-seeing/275,0,3,0%,9
https://spiritnumeral.com/is-203-a-warning/203,0,3,0%,9.33
https://spiritnumeral.com/is-882-a-warning/882,0,3,0%,9.33
https://spiritnumeral.com/is-981-a-warning/981,0,3,0%,9.33
https://spiritnumeral.com/meaning/angel-number/998,0,3,0%,9.33
https://spiritnumeral.com/why-am-i-seeing/487,0,3,0%,9.33
https://spiritnumeral.com/why-am-i-seeing/564,0,3,0%,9.33
https://spiritnumeral.com/is-482-a-warning/482,0,3,0%,9.67
https://spiritnumeral.com/why-am-i-seeing/585,0,3,0%,9.67
https://spiritnumeral.com/why-am-i-seeing/996,0,3,0%,9.67
https://spiritnumeral.com/why-am-i-seeing/623,0,3,0%,10
https://spiritnumeral.com/is-559-a-warning/559,0,3,0%,10.33
https://spiritnumeral.com/meaning/angel-number/718,0,3,0%,10.33
https://spiritnumeral.com/is-319-a-warning/319,0,3,0%,11
https://spiritnumeral.com/why-am-i-seeing/149,0,3,0%,11
https://spiritnumeral.com/why-am-i-seeing/247,0,3,0%,11
https://spiritnumeral.com/is-721-a-warning/721,0,3,0%,12
https://spiritnumeral.com/is-600-a-warning/600,0,3,0%,12.67
https://spiritnumeral.com/why-am-i-seeing/959,0,3,0%,12.67
https://spiritnumeral.com/is-791-a-warning/791,0,3,0%,13
https://spiritnumeral.com/is-971-a-warning/971,0,3,0%,13
https://spiritnumeral.com/why-am-i-seeing/230,0,3,0%,14.67
https://spiritnumeral.com/why-am-i-seeing/884,0,3,0%,17
https://spiritnumeral.com/meaning/angel-number/269,0,3,0%,17.67
https://spiritnumeral.com/why-am-i-seeing/812,0,3,0%,18.67
https://spiritnumeral.com/why-am-i-seeing/723,0,3,0%,19.67
https://spiritnumeral.com/why-am-i-seeing/738,0,3,0%,20.33
https://spiritnumeral.com/is-484-a-warning/484,0,3,0%,27.33
https://spiritnumeral.com/why-am-i-seeing/414,0,3,0%,28.67
https://spiritnumeral.com/why-am-i-seeing/636,0,3,0%,32
https://spiritnumeral.com/is-951-a-warning/951,0,3,0%,33.33
https://spiritnumeral.com/why-am-i-seeing/710,0,3,0%,33.67
https://spiritnumeral.com/why-am-i-seeing/630,0,3,0%,34.33
https://spiritnumeral.com/is-840-a-warning/840,0,3,0%,42
https://spiritnumeral.com/why-am-i-seeing/626,0,2,0%,4
https://spiritnumeral.com/why-am-i-seeing/717,0,2,0%,4
https://spiritnumeral.com/is-186-a-warning/186,0,2,0%,4.5
https://spiritnumeral.com/is-666-a-warning/666,0,2,0%,4.5
https://spiritnumeral.com/why-am-i-seeing/643,0,2,0%,4.5
https://spiritnumeral.com/is-975-a-warning/975,0,2,0%,5
https://spiritnumeral.com/why-am-i-seeing/474,0,2,0%,5
https://spiritnumeral.com/is-595-a-warning/595,0,2,0%,5.5
https://spiritnumeral.com/why-am-i-seeing/132,0,2,0%,5.5
https://spiritnumeral.com/why-am-i-seeing/580,0,2,0%,5.5
https://spiritnumeral.com/why-am-i-seeing/894,0,2,0%,5.5
https://spiritnumeral.com/is-333-a-warning/333,0,2,0%,6
https://spiritnumeral.com/is-344-a-warning/344,0,2,0%,6
https://spiritnumeral.com/is-622-a-warning/622,0,2,0%,6
https://spiritnumeral.com/is-640-a-warning/640,0,2,0%,6
https://spiritnumeral.com/is-933-a-warning/933,0,2,0%,6
https://spiritnumeral.com/why-am-i-seeing/856,0,2,0%,6
https://spiritnumeral.com/why-am-i-seeing/982,0,2,0%,6
https://spiritnumeral.com/is-387-a-warning/387,0,2,0%,6.5
https://spiritnumeral.com/is-643-a-warning/643,0,2,0%,6.5
https://spiritnumeral.com/why-am-i-seeing/128,0,2,0%,6.5
https://spiritnumeral.com/why-am-i-seeing/500,0,2,0%,6.5
https://spiritnumeral.com/is-231-a-warning/231,0,2,0%,7
https://spiritnumeral.com/meaning/angel-number/516,0,2,0%,7
https://spiritnumeral.com/why-am-i-seeing/274,0,2,0%,7
https://spiritnumeral.com/why-am-i-seeing/310,0,2,0%,7
https://spiritnumeral.com/why-am-i-seeing/448,0,2,0%,7
https://spiritnumeral.com/why-am-i-seeing/486,0,2,0%,7
https://spiritnumeral.com/why-am-i-seeing/582,0,2,0%,7
https://spiritnumeral.com/is-828-a-warning/828,0,2,0%,7.5
https://spiritnumeral.com/why-am-i-seeing/658,0,2,0%,7.5
https://spiritnumeral.com/why-am-i-seeing/691,0,2,0%,7.5
https://spiritnumeral.com/why-am-i-seeing/819,0,2,0%,7.5
https://spiritnumeral.com/is-298-a-warning/298,0,2,0%,8
https://spiritnumeral.com/meaning/angel-number/197,0,2,0%,8
https://spiritnumeral.com/why-am-i-seeing/195,0,2,0%,8
https://spiritnumeral.com/why-am-i-seeing/974,0,2,0%,8
https://spiritnumeral.com/is-733-a-warning/733,0,2,0%,8.5
https://spiritnumeral.com/is-755-a-warning/755,0,2,0%,8.5
https://spiritnumeral.com/why-am-i-seeing/309,0,2,0%,8.5
https://spiritnumeral.com/why-am-i-seeing/701,0,2,0%,8.5
https://spiritnumeral.com/why-am-i-seeing/931,0,2,0%,8.5
https://spiritnumeral.com/is-926-a-warning/926,0,2,0%,9
https://spiritnumeral.com/meaning/angel-number/896,0,2,0%,9
https://spiritnumeral.com/why-am-i-seeing/356,0,2,0%,9
https://spiritnumeral.com/why-am-i-seeing/553,0,2,0%,9
https://spiritnumeral.com/is-724-a-warning/724,0,2,0%,9.5
https://spiritnumeral.com/meaning/angel-number/258,0,2,0%,9.5
https://spiritnumeral.com/why-am-i-seeing/196,0,2,0%,9.5
https://spiritnumeral.com/why-am-i-seeing/328,0,2,0%,9.5
https://spiritnumeral.com/why-am-i-seeing/625,0,2,0%,10
https://spiritnumeral.com/why-am-i-seeing/721,0,2,0%,10
https://spiritnumeral.com/why-am-i-seeing/971,0,2,0%,10
https://spiritnumeral.com/is-649-a-warning/649,0,2,0%,10.5
https://spiritnumeral.com/is-359-a-warning/359,0,2,0%,11.5
https://spiritnumeral.com/is-625-a-warning/625,0,2,0%,11.5
https://spiritnumeral.com/is-691-a-warning/691,0,2,0%,11.5
https://spiritnumeral.com/why-am-i-seeing/136,0,2,0%,11.5
https://spiritnumeral.com/why-am-i-seeing/756,0,2,0%,12
https://spiritnumeral.com/why-am-i-seeing/775,0,2,0%,12
https://spiritnumeral.com/why-am-i-seeing/913,0,2,0%,18.5
https://spiritnumeral.com/why-am-i-seeing/470,0,2,0%,19.5
https://spiritnumeral.com/meaning/angel-number/552,0,2,0%,20
https://spiritnumeral.com/is-979-a-warning/979,0,2,0%,25
https://spiritnumeral.com/why-am-i-seeing/327,0,2,0%,28
https://spiritnumeral.com/is-327-a-warning/327,0,2,0%,28.5
https://spiritnumeral.com/why-am-i-seeing/799,0,2,0%,28.5
https://spiritnumeral.com/why-am-i-seeing/420,0,2,0%,30.5
https://spiritnumeral.com/why-am-i-seeing/707,0,2,0%,31
https://spiritnumeral.com/why-am-i-seeing/212,0,2,0%,31.5
https://spiritnumeral.com/is-304-a-warning/304,0,2,0%,34
https://spiritnumeral.com/is-213-a-warning/213,0,2,0%,38
https://spiritnumeral.com/is-551-a-warning/551,0,2,0%,38.5
https://spiritnumeral.com/is-611-a-warning/611,0,2,0%,40
https://spiritnumeral.com/is-972-a-warning/972,0,2,0%,40
https://spiritnumeral.com/is-426-a-warning/426,0,2,0%,45
https://spiritnumeral.com/why-am-i-seeing/955,0,2,0%,45
https://spiritnumeral.com/is-710-a-warning/710,0,2,0%,49
https://spiritnumeral.com/is-738-a-warning/738,0,2,0%,61.5
https://spiritnumeral.com/why-am-i-seeing/654,0,2,0%,62.5
https://spiritnumeral.com/why-am-i-seeing/355,0,2,0%,69
https://spiritnumeral.com/968-twin-flame/968,0,2,0%,71
https://spiritnumeral.com/meaning/angel-number/875,0,1,0%,2
https://spiritnumeral.com/why-am-i-seeing/283,0,1,0%,2
https://spiritnumeral.com/why-am-i-seeing/578,0,1,0%,2
https://spiritnumeral.com/is-139-a-warning/139,0,1,0%,3
https://spiritnumeral.com/is-355-a-warning/355,0,1,0%,3
https://spiritnumeral.com/is-462-a-warning/462,0,1,0%,3
https://spiritnumeral.com/why-am-i-seeing/291,0,1,0%,3
https://spiritnumeral.com/why-am-i-seeing/778,0,1,0%,3
https://spiritnumeral.com/is-563-a-warning/563,0,1,0%,4
https://spiritnumeral.com/is-645-a-warning/645,0,1,0%,4
https://spiritnumeral.com/why-am-i-seeing/365,0,1,0%,4
https://spiritnumeral.com/why-am-i-seeing/477,0,1,0%,4
https://spiritnumeral.com/why-am-i-seeing/677,0,1,0%,4
https://spiritnumeral.com/why-am-i-seeing/886,0,1,0%,4
https://spiritnumeral.com/meaning/angel-number/905,0,1,0%,5
https://spiritnumeral.com/why-am-i-seeing/576,0,1,0%,5
https://spiritnumeral.com/is-162-a-warning/162,0,1,0%,6
https://spiritnumeral.com/is-182-a-warning/182,0,1,0%,6
https://spiritnumeral.com/is-644-a-warning/644,0,1,0%,6
https://spiritnumeral.com/is-897-a-warning/897,0,1,0%,6
https://spiritnumeral.com/meaning/angel-number/674,0,1,0%,6
https://spiritnumeral.com/why-am-i-seeing/345,0,1,0%,6
https://spiritnumeral.com/why-am-i-seeing/473,0,1,0%,6
https://spiritnumeral.com/why-am-i-seeing/563,0,1,0%,6
https://spiritnumeral.com/why-am-i-seeing/629,0,1,0%,6
https://spiritnumeral.com/why-am-i-seeing/727,0,1,0%,6
https://spiritnumeral.com/why-am-i-seeing/766,0,1,0%,6
https://spiritnumeral.com/why-am-i-seeing/796,0,1,0%,6
https://spiritnumeral.com/why-am-i-seeing/905,0,1,0%,6
https://spiritnumeral.com/why-am-i-seeing/985,0,1,0%,6
https://spiritnumeral.com/,0,1,0%,7
https://spiritnumeral.com/is-378-a-warning/378,0,1,0%,7
https://spiritnumeral.com/is-379-a-warning/379,0,1,0%,7
https://spiritnumeral.com/is-609-a-warning/609,0,1,0%,7
https://spiritnumeral.com/is-773-a-warning/773,0,1,0%,7
https://spiritnumeral.com/is-780-a-warning/780,0,1,0%,7
https://spiritnumeral.com/is-974-a-warning/974,0,1,0%,7
https://spiritnumeral.com/is-990-a-warning/990,0,1,0%,7
https://spiritnumeral.com/meaning/angel-number/466,0,1,0%,7
https://spiritnumeral.com/why-am-i-seeing/122,0,1,0%,7
https://spiritnumeral.com/why-am-i-seeing/326,0,1,0%,7
https://spiritnumeral.com/why-am-i-seeing/513,0,1,0%,7
https://spiritnumeral.com/why-am-i-seeing/702,0,1,0%,7
https://spiritnumeral.com/why-am-i-seeing/705,0,1,0%,7
https://spiritnumeral.com/why-am-i-seeing/769,0,1,0%,7
https://spiritnumeral.com/why-am-i-seeing/797,0,1,0%,7
https://spiritnumeral.com/why-am-i-seeing/828,0,1,0%,7
https://spiritnumeral.com/is-234-a-warning/234,0,1,0%,8
https://spiritnumeral.com/is-391-a-warning/391,0,1,0%,8
https://spiritnumeral.com/is-588-a-warning/588,0,1,0%,8
https://spiritnumeral.com/is-820-a-warning/820,0,1,0%,8
https://spiritnumeral.com/is-893-a-warning/893,0,1,0%,8
https://spiritnumeral.com/is-922-a-warning/922,0,1,0%,8
https://spiritnumeral.com/meaning/angel-number/273,0,1,0%,8
https://spiritnumeral.com/meaning/angel-number/514,0,1,0%,8
https://spiritnumeral.com/why-am-i-seeing/529,0,1,0%,8
https://spiritnumeral.com/why-am-i-seeing/639,0,1,0%,8
https://spiritnumeral.com/why-am-i-seeing/836,0,1,0%,8
https://spiritnumeral.com/why-am-i-seeing/859,0,1,0%,8
https://spiritnumeral.com/365-twin-flame/365,0,1,0%,9
https://spiritnumeral.com/950-twin-flame/950,0,1,0%,9
https://spiritnumeral.com/is-112-a-warning/112,0,1,0%,9
https://spiritnumeral.com/is-160-a-warning/160,0,1,0%,9
https://spiritnumeral.com/is-222-a-warning/222,0,1,0%,9
https://spiritnumeral.com/is-731-a-warning/731,0,1,0%,9
https://spiritnumeral.com/is-768-a-warning/768,0,1,0%,9
https://spiritnumeral.com/is-818-a-warning/818,0,1,0%,9
https://spiritnumeral.com/meaning/angel-number/576,0,1,0%,9
https://spiritnumeral.com/is-277-a-warning/277,0,1,0%,10
https://spiritnumeral.com/is-594-a-warning/594,0,1,0%,10
https://spiritnumeral.com/is-621-a-warning/621,0,1,0%,10
https://spiritnumeral.com/is-919-a-warning/919,0,1,0%,10
https://spiritnumeral.com/is-977-a-warning/977,0,1,0%,10
https://spiritnumeral.com/why-am-i-seeing/343,0,1,0%,10
https://spiritnumeral.com/why-am-i-seeing/650,0,1,0%,10
https://spiritnumeral.com/why-am-i-seeing/696,0,1,0%,10
https://spiritnumeral.com/why-am-i-seeing/877,0,1,0%,10
https://spiritnumeral.com/716-twin-flame/716,0,1,0%,11
https://spiritnumeral.com/is-783-a-warning/783,0,1,0%,11
https://spiritnumeral.com/is-790-a-warning/790,0,1,0%,11
https://spiritnumeral.com/why-am-i-seeing/241,0,1,0%,11
https://spiritnumeral.com/why-am-i-seeing/346,0,1,0%,11
https://spiritnumeral.com/why-am-i-seeing/770,0,1,0%,11
https://spiritnumeral.com/is-394-a-warning/394,0,1,0%,12
https://spiritnumeral.com/is-501-a-warning/501,0,1,0%,12
https://spiritnumeral.com/is-859-a-warning/859,0,1,0%,12
https://spiritnumeral.com/is-880-a-warning/880,0,1,0%,12
https://spiritnumeral.com/is-939-a-warning/939,0,1,0%,12
https://spiritnumeral.com/why-am-i-seeing/344,0,1,0%,12
https://spiritnumeral.com/why-am-i-seeing/762,0,1,0%,12
https://spiritnumeral.com/is-142-a-warning/142,0,1,0%,16
https://spiritnumeral.com/why-am-i-seeing/413,0,1,0%,16
https://spiritnumeral.com/meaning/angel-number/424,0,1,0%,18
https://spiritnumeral.com/why-am-i-seeing/994,0,1,0%,22
https://spiritnumeral.com/229-twin-flame/229,0,1,0%,23
https://spiritnumeral.com/is-722-a-warning/722,0,1,0%,24
https://spiritnumeral.com/why-am-i-seeing/611,0,1,0%,26
https://spiritnumeral.com/why-am-i-seeing/777,0,1,0%,27
https://spiritnumeral.com/why-am-i-seeing/304,0,1,0%,34
https://spiritnumeral.com/meaning/angel-number/127,0,1,0%,36
https://spiritnumeral.com/why-am-i-seeing/939,0,1,0%,38
https://spiritnumeral.com/why-am-i-seeing/858,0,1,0%,39
https://spiritnumeral.com/why-am-i-seeing/722,0,1,0%,48
https://spiritnumeral.com/why-am-i-seeing/757,0,1,0%,56
https://spiritnumeral.com/is-822-a-warning/822,0,1,0%,62
https://spiritnumeral.com/is-455-a-warning/455,0,1,0%,68
https://spiritnumeral.com/is-522-a-warning/522,0,1,0%,68
https://spiritnumeral.com/941-twin-flame/941,0,1,0%,100