Top queries,Clicks,Impressions,CTR,Position
466 meaning,2,6,33.33%,4.17
1737 meaning in love,2,2,100%,1
2210 angel number meaning,1,17,5.88%,6.53
1619 angel number meaning,1,15,6.67%,6.8
1600 angel number meaning,1,13,7.69%,5.31
1436 meaning,1,13,7.69%,7
576 meaning,1,10,10%,6.5
1558 angel number,1,10,10%,9.9
1925 angel number meaning,1,9,11.11%,7.33
1513 angel number,1,9,11.11%,9.56
886 meaning,1,6,16.67%,7.17
176 meaning,1,5,20%,8
1808 angel number twin flame,1,5,20%,8.4
1404 angel number money,1,4,25%,9.75
688 angel number,1,4,25%,10
506 angel number,1,4,25%,14.75
479 meaning,1,3,33.33%,6
2031 meaning in love,1,3,33.33%,6.67
774 meaning in letter love,1,3,33.33%,8.33
253 angel number,1,3,33.33%,8.67
239 meaning love,1,3,33.33%,9.67
1790 meaning,1,2,50%,2
02.04 angel number meaning,1,2,50%,2.5
1445 angel number twin flame,1,2,50%,3
1221 angel number money,1,2,50%,8
86 angel number twin flame,1,2,50%,9.5
289 angel number,1,2,50%,12
1493 meaning,1,1,100%,2
what does 1788 mean,1,1,100%,2
186 angel number meaning,1,1,100%,4
number 12 in dream meaning,1,1,100%,4
1855 angel number meaning,1,1,100%,7
2201 meaning in love,1,1,100%,8
834 meaning love,1,1,100%,8
0807 meaning,1,1,100%,9
613 angel number twin flame,1,1,100%,9
314 angel number twin flame,1,1,100%,10
879 number,1,1,100%,11
325 angel number money,1,1,100%,12
1199 angel number love,1,1,100%,13
2011 spiritual meaning,1,1,100%,13
587 number meaning,1,1,100%,15
181 angel number meaning,1,1,100%,20
617 meaning,1,1,100%,21
622 angel number love,1,1,100%,42
665 meaning,0,90,0%,9.17
183 meaning,0,72,0%,8.72
2015 meaning,0,54,0%,8.59
angel number 1321 meaning,0,51,0%,11.02
901 meaning,0,44,0%,9.91
913 meaning,0,43,0%,8.47
1404 angel number,0,40,0%,9.43
1808 angel number,0,34,0%,10.91
914 meaning,0,32,0%,7.31
665 meaning love,0,31,0%,7.84
1606 angel number,0,29,0%,9.72
1619 angel number,0,27,0%,7.56
901 meaning in love,0,27,0%,8.96
480 meaning,0,26,0%,5.88
774 meaning,0,26,0%,8.04
1054 angel number,0,26,0%,11.31
914 meaning love,0,25,0%,6.28
1424 angel number,0,25,0%,8.92
620 meaning,0,24,0%,7.79
1241 angel number,0,24,0%,10.12
579 meaning,0,23,0%,5.35
961 meaning,0,23,0%,6.35
457 meaning,0,23,0%,8.04
1161 meaning,0,22,0%,5.95
1934 meaning,0,22,0%,6.73
1078 meaning,0,21,0%,7.52
512 meaning,0,21,0%,8.71
718 meaning love,0,20,0%,7.1
1844 angel number,0,20,0%,7.5
134 meaning,0,20,0%,8.1
607 meaning,0,20,0%,8.15
1842 angel number,0,20,0%,8.45
1344 angel number,0,20,0%,8.7
04.15 meaning in love,0,19,0%,5.63
587 meaning,0,19,0%,6.37
1435 meaning,0,19,0%,7.11
376 meaning,0,19,0%,7.63
532 meaning,0,19,0%,7.95
652 angel number,0,19,0%,10.11
399 meaning,0,18,0%,5.94
1838 angel number,0,18,0%,6.83
852 meaning love,0,18,0%,8.89
1888 angel number,0,17,0%,6.82
577 meaning,0,17,0%,7.71
1737 angel number,0,17,0%,7.76
902 meaning,0,17,0%,7.82
2207 angel number,0,17,0%,9.29
1550 angel number,0,17,0%,10.65
402 meaning love,0,17,0%,10.71
2033 angel number,0,17,0%,11.82
1321 means,0,16,0%,2.62
1321 meaning,0,16,0%,5.94
992 meaning,0,16,0%,7.81
1846 angel number,0,16,0%,8.19
1858 angel number,0,16,0%,9
1545 angel number,0,16,0%,10
1727 angel number,0,16,0%,10.19
0652 meaning,0,16,0%,10.88
620 meaning love,0,15,0%,6.47
607 meaning in love,0,15,0%,6.73
879 number meaning,0,15,0%,7.53
2022 angel number,0,15,0%,8.13
1912 angel number,0,15,0%,8.47
756 angel number,0,15,0%,8.67
142 meaning love,0,15,0%,9
2139 angel number,0,15,0%,9.13
314 meaning in love,0,15,0%,9.73
2141 angel number,0,15,0%,10.8
852 meaning,0,14,0%,8.14
2159 angel number,0,14,0%,8.21
768 meaning,0,14,0%,8.57
1410 angel number,0,14,0%,8.64
1817 angel number,0,14,0%,9.07
501 meaning,0,14,0%,9.21
2203 angel number,0,14,0%,9.36
2209 angel number,0,14,0%,9.36
2109 angel number,0,14,0%,10
1944 angel number,0,14,0%,10.21
2030 angel number,0,14,0%,10.36
992 meaning in love,0,13,0%,5.85
1502 meaning,0,13,0%,5.92
what does 696 mean,0,13,0%,5.92
1430 meaning,0,13,0%,6.54
2151 angel number,0,13,0%,7.23
170 meaning,0,13,0%,7.92
183 meaning in love,0,13,0%,8
457 meaning love,0,13,0%,8.69
1938 angel number,0,13,0%,9.46
1533 angel number,0,13,0%,9.62
748 meaning,0,13,0%,9.92
1177 angel number,0,13,0%,16.08
1248 angel number,0,13,0%,17.62
2002 meaning,0,12,0%,6
46 meaning in love,0,12,0%,6.17
480 meaning love,0,12,0%,7
2108 angel number,0,12,0%,7.25
1118 angel number,0,12,0%,8.42
1808 angel number meaning,0,12,0%,8.42
161 meaning,0,12,0%,8.58
189 meaning,0,12,0%,8.58
2128 angel number,0,12,0%,9.08
1508 angel number,0,12,0%,9.5
1953 angel number,0,12,0%,9.83
1718 angel number,0,12,0%,9.92
1257 angel number,0,12,0%,10.33
173 meaning,0,12,0%,10.75
720 meaning,0,12,0%,10.75
1516 angel number,0,12,0%,11.25
1253 angel number,0,12,0%,11.67
1327 meaning,0,11,0%,6.64
1546 angel number,0,11,0%,7.64
meaning of 607 in love,0,11,0%,7.64
2153 angel number,0,11,0%,7.82
764 angel number,0,11,0%,7.91
2222 angel number meaning career,0,11,0%,8.09
687 meaning,0,11,0%,8.09
1102 angel number,0,11,0%,8.18
1126 angel number,0,11,0%,8.18
1620 angel number meaning,0,11,0%,8.36
1152 angel number,0,11,0%,9.18
1833 angel number,0,11,0%,9.55
2107 angel number,0,11,0%,9.55
1826 angel number,0,11,0%,9.73
1636 angel number,0,11,0%,10.18
1606 angel number meaning,0,11,0%,10.73
1247 angel number,0,11,0%,14.73
drop 1737 meaning,0,10,0%,4.2
18 meaning love,0,10,0%,5.5
432 meaning love,0,10,0%,5.7
193 meaning,0,10,0%,6.1
1742 angel number,0,10,0%,6.4
905 meaning,0,10,0%,7.6
2148 angel number,0,10,0%,7.9
1517 angel number,0,10,0%,8.1
2131 angel number,0,10,0%,8.2
1602 angel number,0,10,0%,8.3
1725 angel number,0,10,0%,8.4
880 meaning,0,10,0%,8.5
1836 angel number,0,10,0%,8.6
2045 angel number,0,10,0%,8.7
1404 angel number meaning,0,10,0%,8.9
1661 angel number meaning,0,10,0%,8.9
788 meaning,0,10,0%,8.9
1640 angel number,0,10,0%,9
1841 angel number,0,10,0%,9.1
610 meaning,0,10,0%,9.1
2145 angel number,0,10,0%,9.9
2119 angel number,0,10,0%,10.2
947 angel number,0,10,0%,10.7
1322 angel number,0,10,0%,11.4
197 meaning,0,10,0%,11.5
2044 angel number,0,10,0%,11.9
2202,0,10,0%,17.6
859 angel number,0,10,0%,28.3
1080 meaning love,0,9,0%,3.44
376 meaning in love,0,9,0%,4.56
1648 angel number meaning,0,9,0%,5.11
1610 angel number,0,9,0%,5.67
1608 angel number meaning,0,9,0%,6.56
1439 meaning,0,9,0%,6.67
163 meaning,0,9,0%,6.67
1573 meaning,0,9,0%,6.78
1528 angel number,0,9,0%,6.89
1720 angel number,0,9,0%,7.33
2210 angel number,0,9,0%,7.56
658 meaning,0,9,0%,7.56
371 meaning,0,9,0%,8
2046 angel number,0,9,0%,8.11
2027 angel number,0,9,0%,8.22
1809 angel number,0,9,0%,8.33
1815 angel number meaning,0,9,0%,8.33
1931 angel number,0,9,0%,8.33
1651 angel number,0,9,0%,8.44
1608 angel number,0,9,0%,8.89
1735 angel number,0,9,0%,8.89
1429 angel number,0,9,0%,9
179 meaning,0,9,0%,9
658 meaning love,0,9,0%,9
995 meaning,0,9,0%,9
1231 angel number,0,9,0%,9.11
357 meaning,0,9,0%,9.22
1715 meaning,0,9,0%,9.33
1951 angel number,0,9,0%,9.44
774 meaning love,0,9,0%,9.78
812 meaning,0,9,0%,9.78
1844 angel number meaning,0,9,0%,10.11
2126 angel number,0,9,0%,10.44
718 meaning,0,9,0%,11.67
208 angel number,0,9,0%,32.44
903 meaning love,0,9,0%,42.78
angel number 1232 meaning,0,8,0%,3.62
1600 angel number,0,8,0%,4.12
1413 meaning in love,0,8,0%,5.62
2012 angel number,0,8,0%,5.62
880 meaning love,0,8,0%,5.75
652 meaning love,0,8,0%,5.88
1501 meaning,0,8,0%,6.12
401 meaning,0,8,0%,6.25
665 means,0,8,0%,6.75
1413 meaning in chat,0,8,0%,6.88
2031 angel number,0,8,0%,6.88
905 meaning love,0,8,0%,7
1724 angel number,0,8,0%,7.38
1852 angel number,0,8,0%,7.75
451 meaning,0,8,0%,7.75
1338 angel number,0,8,0%,7.88
1574 meaning,0,8,0%,7.88
514 meaning,0,8,0%,7.88
1948 angel number meaning,0,8,0%,8
2051 angel number,0,8,0%,8
665 meaning in love,0,8,0%,8
2022 angel number meaning,0,8,0%,8.25
2127 angel number,0,8,0%,8.25
2214 angel number,0,8,0%,8.38
1703 angel number,0,8,0%,8.62
558 angel number twin flame,0,8,0%,8.62
1523 angel number,0,8,0%,8.75
1628 angel number meaning,0,8,0%,8.75
1435 meaning in love,0,8,0%,9
1454 angel number,0,8,0%,9
1413 angel number,0,8,0%,9.25
2017 angel number meaning,0,8,0%,9.25
2146 angel number,0,8,0%,9.25
356 meaning,0,8,0%,9.25
342 meaning,0,8,0%,9.38
390 meaning,0,8,0%,9.38
429 angel number meaning,0,8,0%,9.62
539 angel number,0,8,0%,9.75
1145 angel number,0,8,0%,10.12
1043 angel number,0,8,0%,10.5
1232 angel number meaning,0,7,0%,2.57
1320 angel number meaning,0,7,0%,4.86
720 meaning love,0,7,0%,5.14
902 angel number in love,0,7,0%,5.14
number 46 meaning in love,0,7,0%,5.71
1820 angel number meaning,0,7,0%,6.29
2008 angel number,0,7,0%,6.43
1843 angel number,0,7,0%,6.71
2000 angel number twin flame,0,7,0%,6.86
1823 meaning,0,7,0%,7
997 meaning,0,7,0%,7
1404 meaning,0,7,0%,7.43
1505 angel number,0,7,0%,7.43
1815 angel number,0,7,0%,7.43
2130 angel number,0,7,0%,7.43
756 meaning,0,7,0%,7.43
1439 angel number meaning,0,7,0%,7.57
1800 meaning,0,7,0%,7.57
928 meaning,0,7,0%,7.57
193 meaning love,0,7,0%,7.86
1752 angel number,0,7,0%,8
385 meaning,0,7,0%,8
1459 angel number,0,7,0%,8.14
1821 angel number,0,7,0%,8.14
915 meaning love,0,7,0%,8.29
1625 angel number,0,7,0%,8.43
1726 angel number,0,7,0%,8.43
1857 angel number,0,7,0%,8.43
1711 angel number,0,7,0%,8.57
594 angel number,0,7,0%,8.57
835-170 number meaning,0,7,0%,8.57
1358 angel number,0,7,0%,8.86
1456 angel number,0,7,0%,8.86
876 meaning,0,7,0%,8.86
841 angel number,0,7,0%,9
1417 angel number,0,7,0%,9.14
253 meaning love,0,7,0%,9.14
1052 angel number,0,7,0%,9.29
1806 angel number,0,7,0%,9.29
1825 angel number,0,7,0%,9.29
1930 angel number,0,7,0%,9.29
1557 angel number,0,7,0%,9.43
165 meaning,0,7,0%,9.43
325 meaning,0,7,0%,9.43
823 meaning,0,7,0%,9.43
1822 angel number,0,7,0%,9.57
2058 angel number,0,7,0%,9.57
614 angel number,0,7,0%,9.57
956 angel number,0,7,0%,9.71
1842 angel number meaning,0,7,0%,10.14
164 meaning,0,7,0%,10.29
753 angel number,0,7,0%,10.29
1436 angel number,0,7,0%,10.57
1514 angel number,0,7,0%,10.71
angel number 820,0,7,0%,11
1136 angel number,0,7,0%,11.14
1317 angel number,0,7,0%,11.14
820 angel number,0,7,0%,11.14
521 meaning,0,7,0%,11.57
589 angel number meaning,0,7,0%,11.57
1459 meaning,0,7,0%,11.86
914 angel number,0,7,0%,14.71
620 angel number,0,7,0%,20.29
903 meaning in love,0,7,0%,32.43
859 meaning in love,0,6,0%,3.83
2021 angel number meaning,0,6,0%,4.5
399 meaning in love,0,6,0%,4.67
1652 angel number,0,6,0%,5
what does 457 mean,0,6,0%,5
1597 meaning,0,6,0%,5.33
1640 angel number meaning,0,6,0%,5.33
902 meaning love,0,6,0%,5.5
what is the meaning of 2015,0,6,0%,5.83
173 meaning love,0,6,0%,6
365 meaning in love,0,6,0%,6.17
692 meaning,0,6,0%,6.17
774 love,0,6,0%,6.17
what does 480 mean,0,6,0%,6.17
1400 angel number,0,6,0%,6.33
1555 angel number,0,6,0%,6.33
478 meaning love,0,6,0%,6.33
2101 meaning,0,6,0%,6.5
342 meaning love,0,6,0%,6.67
647 meaning,0,6,0%,6.67
1801 meaning,0,6,0%,6.83
1940 angel number,0,6,0%,6.83
830 meaning,0,6,0%,6.83
1817 angel number meaning,0,6,0%,7
1753 angel number,0,6,0%,7.17
1839 angel number,0,6,0%,7.17
589 code meaning,0,6,0%,7.17
1912 meaning,0,6,0%,7.33
2000 angel number,0,6,0%,7.33
408 meaning,0,6,0%,7.33
1111 angel number meaning money,0,6,0%,7.5
127 meaning in love,0,6,0%,7.5
423 meaning,0,6,0%,7.5
716 angel number twin flame,0,6,0%,7.5
820 meaning,0,6,0%,7.5
991 meaning,0,6,0%,7.5
1177 angel number meaning,0,6,0%,7.67
1851 angel number,0,6,0%,7.67
204 meaning,0,6,0%,7.67
823 meaning love,0,6,0%,7.67
152 meaning love,0,6,0%,7.83
1604 angel number,0,6,0%,7.83
550 meaning love,0,6,0%,7.83
1959 angel number,0,6,0%,8
356 meaning love,0,6,0%,8
406 meaning,0,6,0%,8
1408 angel number meaning,0,6,0%,8.17
1802 angel number meaning,0,6,0%,8.17
1143 angel number twin flame,0,6,0%,8.33
1609 angel number,0,6,0%,8.33
1801 angel number,0,6,0%,8.33
1735 angel number meaning,0,6,0%,8.5
1243 meaning love,0,6,0%,8.67
1424 angel number meaning,0,6,0%,8.67
1740 angel number,0,6,0%,8.67
1745 angel number,0,6,0%,8.67
1939 angel number,0,6,0%,8.83
952 angel number twin flame,0,6,0%,8.83
1646 angel number,0,6,0%,9
1128 angel number,0,6,0%,9.17
759 angel number,0,6,0%,9.17
1636 angel number meaning,0,6,0%,9.33
1437 angel number,0,6,0%,9.5
1802 angel number,0,6,0%,9.5
1206 angel number,0,6,0%,9.67
1320 angel number,0,6,0%,9.67
1710 angel number,0,6,0%,9.67
1872 meaning,0,6,0%,9.67
1235 angel number,0,6,0%,9.83
1045 angel number,0,6,0%,10
2106 angel number,0,6,0%,10
532 angel number meaning,0,6,0%,10
angel number 1248,0,6,0%,10
angel number 2213 meaning,0,6,0%,10
1111 angel number career,0,6,0%,10.17
1957 angel number meaning,0,6,0%,10.17
2206 angel number,0,6,0%,10.17
343 meaning,0,6,0%,10.17
320 meaning,0,6,0%,10.33
693 angel number,0,6,0%,10.33
1516 angel number meaning,0,6,0%,10.67
785 meaning,0,6,0%,10.83
976 meaning,0,6,0%,11
meaning of 1223,0,6,0%,11
1355 angel number,0,6,0%,11.17
2204 angel number,0,6,0%,11.17
257 meaning,0,6,0%,11.17
701 meaning,0,6,0%,11.5
1204 angel number,0,6,0%,11.67
1143 angel number,0,6,0%,12.67
angel number 1404,0,6,0%,13.83
901 meaning love,0,6,0%,15.17
713 meaning,0,6,0%,22
407 angel number,0,6,0%,30.17
68 meaning,0,5,0%,3
1439 meaning love,0,5,0%,4
03.40 meaning in love,0,5,0%,4.4
2201 meaning,0,5,0%,4.4
1413 meaning,0,5,0%,5
1639 angel number meaning,0,5,0%,5
1774 meaning,0,5,0%,5
2119 meaning,0,5,0%,5.2
2222 bad,0,5,0%,5.2
1530 meaning in chat,0,5,0%,5.4
231 meaning love,0,5,0%,5.4
697 meaning,0,5,0%,5.8
what does 699 mean,0,5,0%,5.8
1752 angel number meaning,0,5,0%,6
368 meaning,0,5,0%,6
1070 meaning,0,5,0%,6.2
2019 angel number meaning,0,5,0%,6.2
453 meaning,0,5,0%,6.2
767 meaning,0,5,0%,6.2
540 means,0,5,0%,6.4
angel number 2130 meaning,0,5,0%,6.4
what is the meaning of 1934,0,5,0%,6.4
1347 meaning,0,5,0%,6.6
1600 meaning,0,5,0%,6.6
677 meaning,0,5,0%,6.6
1425 angel number,0,5,0%,6.8
1659 angel number,0,5,0%,6.8
676 meaning,0,5,0%,6.8
define 326,0,5,0%,6.8
1006 meaning,0,5,0%,7
1305 meaning,0,5,0%,7
1529 angel number,0,5,0%,7
1627 angel number meaning,0,5,0%,7
1737 angel number meaning,0,5,0%,7
angel numbers 1118,0,5,0%,7
1204 meaning,0,5,0%,7.2
1524 angel number,0,5,0%,7.2
1602 angel number meaning,0,5,0%,7.2
1835 angel number,0,5,0%,7.2
906 meaning,0,5,0%,7.2
132 meaning,0,5,0%,7.4
1755 meaning,0,5,0%,7.4
624 meaning,0,5,0%,7.4
696 angel number,0,5,0%,7.4
113 meaning love,0,5,0%,7.6
1421 meaning,0,5,0%,7.6
1925 angel number,0,5,0%,7.6
467 meaning,0,5,0%,7.6
376 meaning in chat,0,5,0%,7.8
445 meaning,0,5,0%,7.8
762 meaning,0,5,0%,7.8
1696 angel number,0,5,0%,8
188 angel number twin flame,0,5,0%,8
2037 angel number,0,5,0%,8
507 meaning,0,5,0%,8
914 means,0,5,0%,8
134 meaning love,0,5,0%,8.2
1555 angel number meaning love,0,5,0%,8.2
1934 angel number meaning,0,5,0%,8.2
2016 angel number,0,5,0%,8.2
203 meaning,0,5,0%,8.2
2031 angel number meaning,0,5,0%,8.2
526 meaning,0,5,0%,8.2
2030 angel number meaning,0,5,0%,8.4
2057 angel number,0,5,0%,8.4
2125 angel number,0,5,0%,8.4
512 meaning love,0,5,0%,8.4
meaning of 1436 in love,0,5,0%,8.4
1411 bedeutung,0,5,0%,8.6
1652 angel number meaning,0,5,0%,8.6
1704 angel number,0,5,0%,8.6
2021 angel number,0,5,0%,8.6
516 meaning,0,5,0%,8.6
1226 angel number twin flame,0,5,0%,8.8
1325 meaning love,0,5,0%,8.8
1424 angel number twin flame,0,5,0%,8.8
1519 angel number,0,5,0%,8.8
1749 angel number,0,5,0%,8.8
449 meaning,0,5,0%,8.8
1317 significato,0,5,0%,9
1350 angel number,0,5,0%,9
843 angel number,0,5,0%,9
926 meaning love,0,5,0%,9
what is the meaning of 665,0,5,0%,9
130 meaning,0,5,0%,9.2
1627 angel number,0,5,0%,9.2
1637 angel number,0,5,0%,9.2
1910 angel number,0,5,0%,9.2
420 meaning in love,0,5,0%,9.2
841 angel number twin flame,0,5,0%,9.2
977 angel number meaning,0,5,0%,9.2
angel number 1939 meaning,0,5,0%,9.2
angel number 2042,0,5,0%,9.2
1823 angel number,0,5,0%,9.4
2056 angel number,0,5,0%,9.4
658 angel,0,5,0%,9.4
angel number 2127,0,5,0%,9.4
meaning of 774,0,5,0%,9.4
1929 angel number,0,5,0%,9.6
1929 angel number meaning,0,5,0%,9.6
angel number 1820,0,5,0%,9.6
1442 angel number,0,5,0%,9.8
1352 angel number,0,5,0%,10
2203 angel number meaning,0,5,0%,10
284 angel number,0,5,0%,10
464 meaning,0,5,0%,10
921 meaning,0,5,0%,10
1436 angel number meaning,0,5,0%,10.2
2041 angel number,0,5,0%,10.2
2122 angel number,0,5,0%,10.2
451 meaning in love,0,5,0%,10.2
1116 angel number,0,5,0%,10.4
374 angel number meaning,0,5,0%,10.4
125 meaning love,0,5,0%,10.6
1801 angel number meaning,0,5,0%,10.6
278 angel number,0,5,0%,10.6
931 angel number,0,5,0%,10.6
1415 meaning in chat,0,5,0%,10.8
484 angel number meaning,0,5,0%,11
980 angel number,0,5,0%,11
287 meaning,0,5,0%,11.2
746 angel number,0,5,0%,11.2
1119 angel number twin flame,0,5,0%,11.4
495 angel number,0,5,0%,11.4
756 angel number twin flame,0,5,0%,11.4
number 532 symbolism,0,5,0%,11.6
0451 angel number,0,5,0%,12
1445 angel number,0,5,0%,12
angel number 620,0,5,0%,12
1077 angel number,0,5,0%,12.2
1618 meaning,0,5,0%,12.2
934 meaning,0,5,0%,12.4
angel number 950 meaning,0,5,0%,12.6
548 angel number,0,5,0%,14.6
332 333 334 spiritual meaning,0,5,0%,15
angel number 2012,0,5,0%,15.4
angel number 1703,0,5,0%,22.6
angel number 756,0,5,0%,27.4
2030 angel number twin flame,0,4,0%,3.25
931 means,0,4,0%,3.5
2130 meaning,0,4,0%,3.75
820 meaning love,0,4,0%,4
angel number 1711,0,4,0%,4
what does 1738 mean spiritually,0,4,0%,4
1935 angel number,0,4,0%,4.25
61 62 meaning in love,0,4,0%,4.25
1730 meaning,0,4,0%,4.5
483 meaning,0,4,0%,4.5
1377 meaning,0,4,0%,4.75
652 meaning,0,4,0%,5
04.25 meaning in love,0,4,0%,5.25
623 angel number twin flame,0,4,0%,5.5
1015 number meaning,0,4,0%,5.75
1207 meaning,0,4,0%,5.75
936 meaning,0,4,0%,5.75
angel number 1844,0,4,0%,5.75
127 meaning love,0,4,0%,6
1344 angel number meaning,0,4,0%,6
1812 angel number,0,4,0%,6
521 angel number,0,4,0%,6
59 meaning love,0,4,0%,6
675 meaning,0,4,0%,6
915 angel number twin flame,0,4,0%,6
985 meaning,0,4,0%,6
1442 meaning,0,4,0%,6.25
352 meaning,0,4,0%,6.25
379 meaning,0,4,0%,6.25
975 meaning,0,4,0%,6.25
1430 angel number,0,4,0%,6.5
1839 meaning,0,4,0%,6.5
191 meaning,0,4,0%,6.5
2030 angel number love,0,4,0%,6.5
739 angel number twin flame,0,4,0%,6.5
974 meaning,0,4,0%,6.5
1461 meaning in love,0,4,0%,6.75
1473 meaning,0,4,0%,6.75
1817 meaning,0,4,0%,6.75
1835 angel number meaning,0,4,0%,6.75
1997 meaning,0,4,0%,6.75
374 meaning,0,4,0%,6.75
877 meaning love,0,4,0%,6.75
961 meaning in love,0,4,0%,6.75
angel number 1842,0,4,0%,6.75
1118 angel number twin flame,0,4,0%,7
1178 angel number,0,4,0%,7
1404 angel number twin flame,0,4,0%,7
1418 meaning,0,4,0%,7
1425 meaning,0,4,0%,7
1603 angel number,0,4,0%,7
1838 angel number meaning,0,4,0%,7
363 angel number,0,4,0%,7
369 angel number money,0,4,0%,7
501 means,0,4,0%,7
837 angel number twin flame,0,4,0%,7
meaning ng 915,0,4,0%,7
what does 163 mean,0,4,0%,7
1628 angel number,0,4,0%,7.25
1639 angel number,0,4,0%,7.25
1645 angel number meaning,0,4,0%,7.25
1706 angel number,0,4,0%,7.25
1920 angel number meaning,0,4,0%,7.25
310 meaning love,0,4,0%,7.25
360 meaning in love,0,4,0%,7.25
372 meaning,0,4,0%,7.25
558 meaning love,0,4,0%,7.25
1006 meaning in love,0,4,0%,7.5
1270 angel number,0,4,0%,7.5
1827 meaning,0,4,0%,7.5
1839 angel number meaning,0,4,0%,7.5
1854 angel number meaning,0,4,0%,7.5
1243 angel number meaning,0,4,0%,7.75
1341 angel number meaning,0,4,0%,7.75
1619 angel number twin flame,0,4,0%,7.75
1648 angel number,0,4,0%,7.75
2122 meaning,0,4,0%,7.75
394 meaning,0,4,0%,7.75
408 angel number,0,4,0%,7.75
694 meaning,0,4,0%,7.75
703 angel number twin flame,0,4,0%,7.75
723 angel number twin flame,0,4,0%,7.75
748 angel number twin flame,0,4,0%,7.75
799 meaning love,0,4,0%,7.75
883 meaning,0,4,0%,7.75
angel number 2051,0,4,0%,7.75
1431 meaning,0,4,0%,8
1629 angel number,0,4,0%,8
1939 meaning,0,4,0%,8
200 meaning love,0,4,0%,8
2211 angel number soulmate,0,4,0%,8
393 angel number love,0,4,0%,8
469 meaning,0,4,0%,8
51 meaning love,0,4,0%,8
941 meaning,0,4,0%,8
964 angel number,0,4,0%,8
angel number 1737,0,4,0%,8
1105 angel number,0,4,0%,8.25
114 meaning,0,4,0%,8.25
1316 angel number,0,4,0%,8.25
1703 meaning in love,0,4,0%,8.25
1822 meaning,0,4,0%,8.25
186 meaning,0,4,0%,8.25
2118 angel number,0,4,0%,8.25
2126 meaning,0,4,0%,8.25
225 meaning,0,4,0%,8.25
249 meaning,0,4,0%,8.25
346 meaning in chat,0,4,0%,8.25
410 meaning,0,4,0%,8.25
826 angel number twin flame,0,4,0%,8.25
987 meaning,0,4,0%,8.25
angel number 1801,0,4,0%,8.25
1410 meaning,0,4,0%,8.5
1512 meaning,0,4,0%,8.5
1606 angyalszám,0,4,0%,8.5
1701 angel number,0,4,0%,8.5
1702 angel number meaning,0,4,0%,8.5
1727 meaning,0,4,0%,8.5
1750 meaning,0,4,0%,8.5
1834 angel number,0,4,0%,8.5
2058 angel number meaning,0,4,0%,8.5
2151 angel number meaning,0,4,0%,8.5
2201 angel number,0,4,0%,8.5
385 angel number,0,4,0%,8.5
385 angel number meaning,0,4,0%,8.5
816 angel number,0,4,0%,8.5
879 meaning,0,4,0%,8.5
1302 angel number,0,4,0%,8.75
151 meaning,0,4,0%,8.75
1603 angel number meaning,0,4,0%,8.75
178 meaning,0,4,0%,8.75
2001 angel number,0,4,0%,8.75
2143 meaning,0,4,0%,8.75
2200 meaning,0,4,0%,8.75
437 angel number twin flame,0,4,0%,8.75
480 meaning in love,0,4,0%,8.75
503 meaning,0,4,0%,8.75
698 meaning,0,4,0%,8.75
angel number 1535,0,4,0%,8.75
1338 angel number meaning,0,4,0%,9
1346 meaning,0,4,0%,9
1408 angel number,0,4,0%,9
161 number meaning,0,4,0%,9
1620 angel number,0,4,0%,9
1759 angel number,0,4,0%,9
2213 angel number,0,4,0%,9
487 meaning,0,4,0%,9
552 meaning,0,4,0%,9
703 meaning,0,4,0%,9
857 angel number twin flame,0,4,0%,9
angel number 972,0,4,0%,9
what is the meaning of 665 in love,0,4,0%,9
1126 angel number meaning,0,4,0%,9.25
1166 angel number,0,4,0%,9.25
1259 angel number,0,4,0%,9.25
1622 angel number,0,4,0%,9.25
1816 angel number,0,4,0%,9.25
1959 angel number meaning,0,4,0%,9.25
2027 angel number meaning,0,4,0%,9.25
402 love code,0,4,0%,9.25
503 angel number,0,4,0%,9.25
643 angel number,0,4,0%,9.25
angel number 1619 meaning,0,4,0%,9.25
angel number 1838,0,4,0%,9.25
angel number 2207,0,4,0%,9.25
angel number 385,0,4,0%,9.25
meaning of 183,0,4,0%,9.25
1023 angel number,0,4,0%,9.5
1154 angel number,0,4,0%,9.5
1322 angel number twin flame,0,4,0%,9.5
1335 angel number,0,4,0%,9.5
185 meaning,0,4,0%,9.5
2038 angel number,0,4,0%,9.5
417 angel number twin flame,0,4,0%,9.5
439 meaning,0,4,0%,9.5
469 angel number,0,4,0%,9.5
79 meaning in love,0,4,0%,9.5
981 number meaning,0,4,0%,9.5
angel number 1254,0,4,0%,9.5
1236 meaning love,0,4,0%,9.75
154 meaning love,0,4,0%,9.75
2144 angel number,0,4,0%,9.75
2156 angel number,0,4,0%,9.75
245 meaning,0,4,0%,9.75
413 meaning,0,4,0%,9.75
416 meaning,0,4,0%,9.75
625 meaning in chat,0,4,0%,9.75
859 angel number twin flame,0,4,0%,9.75
905 angel number twin flame,0,4,0%,9.75
934 meaning love,0,4,0%,9.75
angel number 1450 meaning,0,4,0%,9.75
angel number 1727 meaning,0,4,0%,9.75
angel number 1756,0,4,0%,9.75
angel number 2119,0,4,0%,9.75
angel number 652,0,4,0%,9.75
what does 452 meaning love,0,4,0%,9.75
1045 angel number twin flame,0,4,0%,10
1350 meaning,0,4,0%,10
1544 angel number,0,4,0%,10
1727 angel number meaning,0,4,0%,10
1826 meaning in love,0,4,0%,10
1831 angel number,0,4,0%,10
1898 angel number,0,4,0%,10
1901 angel number,0,4,0%,10
2211 angel number twin flame,0,4,0%,10
342 angel number twin flame,0,4,0%,10
879 angel number,0,4,0%,10
1524 angel number meaning,0,4,0%,10.25
1833 angel number meaning,0,4,0%,10.25
2054 angel number,0,4,0%,10.25
angel number 1333 meaning trust communication,0,4,0%,10.25
129 angel number twin flame,0,4,0%,10.5
1964 angel number,0,4,0%,10.5
2122 angel number meaning,0,4,0%,10.5
932 angel number twin flame,0,4,0%,10.5
981 angel number,0,4,0%,10.5
angel number 1929,0,4,0%,10.5
1036 angel number,0,4,0%,10.75
1051 angel number,0,4,0%,10.75
1056 angel number,0,4,0%,10.75
angel number 1240,0,4,0%,10.75
28 angel number twin flame,0,4,0%,11
427 angel number twin flame,0,4,0%,11
991 angel number,0,4,0%,11
1859 angel number,0,4,0%,11.25
507 meaning love,0,4,0%,11.25
770 angel number meaning,0,4,0%,11.25
angel number 946 meaning,0,4,0%,11.25
2120 angel number,0,4,0%,11.5
264 meaning,0,4,0%,11.5
273 meaning,0,4,0%,11.75
angel number 1206,0,4,0%,12
meaning of 136,0,4,0%,12
849 meaning,0,4,0%,12.5
angel number 947,0,4,0%,12.75
946 angel number,0,4,0%,13.25
2059 angel number,0,4,0%,16
415 angel number meaning,0,4,0%,16.5
969 meaning,0,4,0%,16.75
2222 angel number manifestation,0,4,0%,17.25
angel number 2041,0,4,0%,19
1224 angel number,0,4,0%,22.75
453 angel number,0,4,0%,23.75
334 angel number,0,4,0%,30.5
2220 angel number meaning,0,4,0%,35
1047 angel number,0,4,0%,36.25
447 angel number twin flame,0,4,0%,36.5
angel number 352,0,4,0%,38
1119 number meaning,0,4,0%,40
553 angel number,0,4,0%,41.5
angel number 731,0,4,0%,43.5
1212 angel number twin flame,0,4,0%,48.75
angel number 348,0,4,0%,55.75
angel number 502,0,4,0%,68
what does 903 mean,0,4,0%,70
2888 meaning,0,4,0%,84.25
letters numbers code love 914,0,3,0%,2
1483 meaning,0,3,0%,2.33
674 meaning,0,3,0%,2.33
angel number 1320 meaning,0,3,0%,2.67
941 angel number,0,3,0%,3
1545 angel number twin flame,0,3,0%,3.33
1796 meaning,0,3,0%,3.33
1749 meaning in love,0,3,0%,3.67
1019 meaning in love,0,3,0%,4
1268 meaning,0,3,0%,4
1701 meaning in love,0,3,0%,4
1388 meaning,0,3,0%,4.33
432 meaning in love,0,3,0%,4.33
837 meaning,0,3,0%,4.33
1439 angel number,0,3,0%,4.67
1910 meaning,0,3,0%,4.67
1934 mean,0,3,0%,4.67
294 meaning in love,0,3,0%,4.67
899 meaning,0,3,0%,4.67
number 31 meaning in love,0,3,0%,4.67
1145 angel number twin flame,0,3,0%,5
1178 meaning,0,3,0%,5
1247 angel number twin flame,0,3,0%,5
1788 meaning,0,3,0%,5
1820 meaning,0,3,0%,5
1843 angel number meaning,0,3,0%,5
2207 meaning,0,3,0%,5
496 angel number twin flame,0,3,0%,5
589 meaning,0,3,0%,5
what does 1737 mean,0,3,0%,5
1325 meaning,0,3,0%,5.33
1372 meaning,0,3,0%,5.33
1715 meaning love,0,3,0%,5.33
1730 angel number,0,3,0%,5.33
181 means,0,3,0%,5.33
589 meaning or code or significance,0,3,0%,5.33
807 angel number,0,3,0%,5.33
863 meaning,0,3,0%,5.33
968 meaning,0,3,0%,5.33
1181 meaning,0,3,0%,5.67
1317 meaning,0,3,0%,5.67
1701 angel number meaning,0,3,0%,5.67
1820 meaning in love,0,3,0%,5.67
1989 meaning,0,3,0%,5.67
2011 meaning,0,3,0%,5.67
2012 meaning love,0,3,0%,5.67
301 meaning,0,3,0%,5.67
50 angel number twin flame,0,3,0%,5.67
995 angel number twin flame,0,3,0%,5.67
angel number 1608,0,3,0%,5.67
angel number 1808 meaning,0,3,0%,5.67
ano meaning ng 1078,0,3,0%,5.67
1003 angel number twin flame,0,3,0%,6
1136 angel number twin flame,0,3,0%,6
1407 meaning,0,3,0%,6
1503 meaning,0,3,0%,6
2012 angel number meaning,0,3,0%,6
2022 angel number love,0,3,0%,6
2201 معنى,0,3,0%,6
343 meaning love,0,3,0%,6
5 meaning in love,0,3,0%,6
851 angel number,0,3,0%,6
898 meaning love,0,3,0%,6
903 meaning,0,3,0%,6
what does 620 mean,0,3,0%,6
1150 meaning,0,3,0%,6.33
1349 meaning,0,3,0%,6.33
1355 angel number twin flame,0,3,0%,6.33
176 meaning in love,0,3,0%,6.33
1802 meaning,0,3,0%,6.33
1871 meaning,0,3,0%,6.33
194 meaning in love,0,3,0%,6.33
2069 meaning,0,3,0%,6.33
2204 meaning,0,3,0%,6.33
2206 angel number twin flame,0,3,0%,6.33
391 meaning,0,3,0%,6.33
415 meaning,0,3,0%,6.33
464 meaning love,0,3,0%,6.33
850 angel number,0,3,0%,6.33
954 meaning love,0,3,0%,6.33
define 560,0,3,0%,6.33
1216 angel number,0,3,0%,6.67
139 meaning love,0,3,0%,6.67
1535 angel number,0,3,0%,6.67
1771 angel number,0,3,0%,6.67
1801 angel number twin flame,0,3,0%,6.67
1817 angel number twin flame,0,3,0%,6.67
1878 angel number,0,3,0%,6.67
190 meaning love,0,3,0%,6.67
2222 angel number money,0,3,0%,6.67
378 meaning,0,3,0%,6.67
399 meaning love,0,3,0%,6.67
630 meaning,0,3,0%,6.67
714 meaning,0,3,0%,6.67
82 angel number twin flame,0,3,0%,6.67
87 meaning love,0,3,0%,6.67
90 meaning in love,0,3,0%,6.67
903 angel number twin flame,0,3,0%,6.67
define 449,0,3,0%,6.67
number 18 meaning in love,0,3,0%,6.67
what does 961 mean,0,3,0%,6.67
1006 angel number,0,3,0%,7
1023 angel number twin flame,0,3,0%,7
1088 angel number,0,3,0%,7
1316 meaning,0,3,0%,7
1400 angel number meaning,0,3,0%,7
1402 angel number,0,3,0%,7
1458 angel number,0,3,0%,7
178 angel number twin flame,0,3,0%,7
179 meaning in love,0,3,0%,7
1824 meaning,0,3,0%,7
1845 angel number meaning,0,3,0%,7
2006 meaning,0,3,0%,7
2107 meaning,0,3,0%,7
289 meaning in love,0,3,0%,7
293 meaning love,0,3,0%,7
327 meaning in love,0,3,0%,7
478 meaning,0,3,0%,7
688 angel number twin flame,0,3,0%,7
691 meaning,0,3,0%,7
692 angel number,0,3,0%,7
861 meaning,0,3,0%,7
902 angel number twin flame,0,3,0%,7
954 meaning,0,3,0%,7
992 means,0,3,0%,7
angel number 1933 meaning,0,3,0%,7
angel number 272 twin flame reunion,0,3,0%,7
1154 meaning,0,3,0%,7.33
1325 angel number,0,3,0%,7.33
137 meaning in love,0,3,0%,7.33
1454 angel number twin flame,0,3,0%,7.33
150 meaning,0,3,0%,7.33
1517 meaning,0,3,0%,7.33
1724 angel number meaning,0,3,0%,7.33
1821 meaning,0,3,0%,7.33
1934 angel number,0,3,0%,7.33
1969 angel number,0,3,0%,7.33
206 angel number twin flame,0,3,0%,7.33
2109 meaning,0,3,0%,7.33
329 meaning,0,3,0%,7.33
407 meaning,0,3,0%,7.33
428 meaning,0,3,0%,7.33
443 biblical meaning,0,3,0%,7.33
509 meaning love,0,3,0%,7.33
568 meaning,0,3,0%,7.33
586 meaning,0,3,0%,7.33
764 angel number meaning,0,3,0%,7.33
776 meaning,0,3,0%,7.33
819 meaning,0,3,0%,7.33
850 angel number twin flame,0,3,0%,7.33
angel number 1350,0,3,0%,7.33
angel number 1953 meaning,0,3,0%,7.33
1029 meaning love,0,3,0%,7.67
1046 meaning,0,3,0%,7.67
1189 angel number,0,3,0%,7.67
1341 angel number,0,3,0%,7.67
1615 meaning,0,3,0%,7.67
1622 significado espiritual,0,3,0%,7.67
1633 significado espiritual,0,3,0%,7.67
1657 angel number,0,3,0%,7.67
1755 angel number,0,3,0%,7.67
1888 meaning,0,3,0%,7.67
190 meaning,0,3,0%,7.67
2037 angel number meaning,0,3,0%,7.67
2109 angel number twin flame,0,3,0%,7.67
2139 angel number twin flame,0,3,0%,7.67
31 meaning love,0,3,0%,7.67
388 angel number twin flame,0,3,0%,7.67
529 meaning,0,3,0%,7.67
714 angel number love,0,3,0%,7.67
angel number 1821,0,3,0%,7.67
meaning of 607,0,3,0%,7.67
1147 angel number twin flame,0,3,0%,8